"","State","Corp_Rate","year","Corp_Rate_Adj","Pers_Rate","Pers_Rate_Adj","Sales_Rate","Sales_Rate_Adj"
"1","Alabama",6.5,2010,6.5,5,5,4,4
"2","Alaska",9.4,2010,9.39999961853027,0,0,0,0
"3","Arizona",6.968,2010,6.96799993515015,4.34,4.54,5.6,5.59999990463257
"4","Arkansas",6.5,2010,6.5,7,7,6,6
"5","California",8.84,2010,8.84000015258789,11.18,10.55,8.25,8.25
"6","Colorado",4.63,2010,4.63000011444092,4.63,4.63,2.9,2.90000009536743
"7","Connecticut",7.5,2010,8.25,6.5,6.5,6,6
"8","Delaware",8.7,2010,8.69999980926514,6.95,6.95,0,1.91999995708466
"9","District of Columbia",9.975,2010,9.97500038146973,8.5,8.5,6,6
"10","Florida",5.5,2010,5.5,0,0,6,6
"11","Georgia",6,2010,6,6,6,4,4
"12","Hawaii",6.4,2010,6.40000009536743,11,11,4,4
"13","Idaho",7.6,2010,7.59999990463257,7.8,7.8,6,6
"14","Illinois",7.3,2010,7.30000019073486,3,3,6.25,6.25
"15","Indiana",8.5,2010,8.5,3.4,3.4,7,7
"16","Iowa",12,2010,12,8.98,8.98,6,6
"17","Kansas",4,2010,7.05000019073486,6.45,6.45,5.3,5.30000019073486
"18","Kentucky",6,2010,6,6,6,6,6.09499979019165
"19","Louisiana",8,2010,8,6,6,4,4
"20","Maine",8.93,2010,8.93000030517578,8.5,8.5,5,5
"21","Maryland",8.25,2010,8.25,6.25,6.25,6,6
"22","Massachusetts",8.75,2010,8.75,5.3,5.3,6.25,6.25
"23","Michigan",4.95,2010,6.03850507736206,4.35,4.35,6,6.80000019073486
"24","Minnesota",9.8,2010,9.80000019073486,7.85,7.85,6.875,6.875
"25","Mississippi",5,2010,5,5,5,7,7
"26","Missouri",6.25,2010,6.25,5.9,6,4.225,4.22499990463257
"27","Montana",6.75,2010,7,6.9,6.9,0,0
"28","Nebraska",7.81,2010,7.80999994277954,6.84,6.84,5.5,5.5
"29","Nevada",0,2010,0,0,0,6.85,6.84999990463257
"30","New Hampshire",8.5,2010,8.5,0,0,0,0.75
"31","New Jersey",9,2010,9,8.97,8.97,7,7
"32","New Mexico",7.6,2010,7.59999990463257,4.9,4.9,5.5,5.5
"33","New York",7.1,2010,7.09999990463257,8.82,8.97,4,4
"34","North Carolina",6.9,2010,7.10699987411499,7.98,7.75,5.75,5.75
"35","North Dakota",6.4,2010,9.89999961853027,4.63,3.99,5,5
"36","Ohio",0,2010,0,6.24,5.925,5.5,5.76000022888184
"37","Oklahoma",6,2010,6,5.21,5.5,4.5,4.5
"38","Oregon",7.9,2010,7.90000009536743,9.91,9.9,0,0
"39","Pennsylvania",9.99,2010,9.98999977111816,3.07,3.07,6,6
"40","Rhode Island",9,2010,9,6,5.99,7,7
"41","South Carolina",5,2010,5,7,7,6,6
"42","South Dakota",0,2010,0,0,0,4,4
"43","Tennessee",6.5,2010,6.5,0,0,7,7.03000020980835
"44","Texas",0,2010,0,0,0,6.25,7.25
"45","Utah",5,2010,5,5,5,5.95,5.94999980926514
"46","Vermont",8.5,2010,8.5,8.21,8.95,6,6
"47","Virginia",6,2010,6,5.65,5.75,5,5
"48","Washington",0,2010,0,0,0,6.5,8
"49","West Virginia",8.5,2010,8.5,6.5,6.5,6,6.40999984741211
"50","Wisconsin",7.9,2010,7.90000009536743,7.75,7.75,5,5
"51","Wyoming",0,2010,0,0,0,4,4
"52","Alabama",6.5,2011,6.5,5,5,4,4
"53","Alaska",9.4,2011,9.39999961853027,0,0,0,0
"54","Arizona",6.968,2011,6.96799993515015,4.34,4.54,6.6,6.59999990463257
"55","Arkansas",6.5,2011,6.5,7,7,6,6
"56","California",8.84,2011,8.84000015258789,10.92,10.3,8.25,8.25
"57","Colorado",4.63,2011,4.63000011444092,4.63,4.63,2.9,2.90000009536743
"58","Connecticut",7.5,2011,8.25,6.7,6.5,6,6
"59","Delaware",8.7,2011,8.69999980926514,6.95,6.95,0,1.91999995708466
"60","District of Columbia",9.975,2011,9.97500038146973,8.5,8.5,6,6
"61","Florida",5.5,2011,5.5,0,0,6,6
"62","Georgia",6,2011,6,6,6,4,4
"63","Hawaii",6.4,2011,6.40000009536743,11,11,4,4
"64","Idaho",7.6,2011,7.59999990463257,7.8,7.8,6,6
"65","Illinois",9.5,2011,9.5,5,5,6.25,6.25
"66","Indiana",8.5,2011,8.5,3.4,3.4,7,7
"67","Iowa",12,2011,12,8.98,8.98,6,6
"68","Kansas",4,2011,7,6.45,6.45,6.3,6.30000019073486
"69","Kentucky",6,2011,6,6.18,6,6,6.09499979019165
"70","Louisiana",8,2011,8,6,6,4,4
"71","Maine",8.93,2011,8.93000030517578,8.5,8.5,5,5
"72","Maryland",8.25,2011,8.25,6.25,5.5,6,6
"73","Massachusetts",8.25,2011,8.25,5.3,5.3,6.25,6.25
"74","Michigan",4.95,2011,6.03850507736206,4.35,4.35,6,6.80000019073486
"75","Minnesota",9.8,2011,9.80000019073486,8.09,7.85,6.875,6.875
"76","Mississippi",5,2011,5,5,5,7,7
"77","Missouri",6.25,2011,6.25,5.9,6,4.225,4.22499990463257
"78","Montana",6.75,2011,7,7.11,6.9,0,0
"79","Nebraska",7.81,2011,7.80999994277954,6.84,6.84,5.5,5.5
"80","Nevada",0,2011,0,0,0,6.85,6.84999990463257
"81","New Hampshire",8.5,2011,8.5,0,0,0,0.75
"82","New Jersey",9,2011,9,8.97,8.97,7,7
"83","New Mexico",7.6,2011,7.59999990463257,4.9,4.9,5.125,5.125
"84","New York",7.1,2011,7.09999990463257,8.82,8.97,4,4
"85","North Carolina",6.9,2011,6.90000009536743,7.75,7.75,5.75,5.75
"86","North Dakota",6.4,2011,9.89999961853027,3.84,3.99,5,5
"87","Ohio",0,2011,0,5.92,5.925,5.5,5.76000022888184
"88","Oklahoma",6,2011,6,5.21,5.5,4.5,4.5
"89","Oregon",7.6,2011,7.59999990463257,9.01,9.9,0,0
"90","Pennsylvania",9.99,2011,9.98999977111816,3.07,3.07,6,6
"91","Rhode Island",9,2011,9,5.99,5.99,7,7
"92","South Carolina",5,2011,5,7,7,6,6
"93","South Dakota",0,2011,0,0,0,4,4
"94","Tennessee",6.5,2011,6.5,0,0,7,7.03000020980835
"95","Texas",0,2011,0,0,0,6.25,7.25
"96","Utah",5,2011,5,5,5,5.95,5.94999980926514
"97","Vermont",8.5,2011,8.5,8.21,8.95,6,6
"98","Virginia",6,2011,6,5.65,5.75,5,5
"99","Washington",0,2011,0,0,0,6.5,8
"100","West Virginia",8.5,2011,8.5,6.5,6.5,6,6.34000015258789
"101","Wisconsin",7.9,2011,7.90000009536743,7.75,7.75,5,5
"102","Wyoming",0,2011,0,0,0,4,4
"103","Alabama",6.5,2012,6.5,5,5,4,4
"104","Alaska",9.4,2012,9.39999961853027,0,0,0,0
"105","Arizona",6.968,2012,6.96799993515015,4.34,4.54,6.6,6.59999990463257
"106","Arkansas",6.5,2012,6.5,7,7,6,6
"107","California",8.84,2012,8.84000015258789,14.1,10.3,7.25,7.25
"108","Colorado",4.63,2012,4.63000011444092,4.63,4.63,2.9,2.90000009536743
"109","Connecticut",7.5,2012,9,6.7,6.7,6.35,6.34999990463257
"110","Delaware",8.7,2012,8.69999980926514,6.75,6.75,0,1.91999995708466
"111","District of Columbia",9.975,2012,9.97500038146973,8.95,8.95,6,6
"112","Florida",5.5,2012,5.5,0,0,6,6
"113","Georgia",6,2012,6,6,6,4,4
"114","Hawaii",6.4,2012,6.40000009536743,11,11,4,4
"115","Idaho",7.6,2012,7.59999990463257,7.4,7.4,6,6
"116","Illinois",9.5,2012,9.5,5,5,6.25,6.25
"117","Indiana",8.5,2012,8.5,3.4,3.4,7,7
"118","Iowa",12,2012,12,8.98,8.98,6,6
"119","Kansas",4,2012,7,6.45,6.45,6.3,6.30000019073486
"120","Kentucky",6,2012,6,6.18,6,6,6.09499979019165
"121","Louisiana",8,2012,8,6,6,4,4
"122","Maine",8.93,2012,8.93000030517578,8.5,8.5,5,5
"123","Maryland",8.25,2012,8.25,5.75,5.75,6,6
"124","Massachusetts",8,2012,8,5.25,5.25,6.25,6.25
"125","Michigan",6,2012,6,4.33,4.35,6,6
"126","Minnesota",9.8,2012,9.80000019073486,8.09,7.85,6.875,6.875
"127","Mississippi",5,2012,5,5,5,7,7
"128","Missouri",6.25,2012,6.25,5.9,6,4.225,4.22499990463257
"129","Montana",6.75,2012,7,7.11,6.9,0,0
"130","Nebraska",7.81,2012,7.80999994277954,6.84,6.84,5.5,5.5
"131","Nevada",0,2012,0,0,0,6.85,6.84999990463257
"132","New Hampshire",8.5,2012,8.5,0,0,0,0.75
"133","New Jersey",9,2012,9,8.97,8.97,7,7
"134","New Mexico",7.6,2012,7.59999990463257,4.9,4.9,5.125,5.125
"135","New York",7.1,2012,7.09999990463257,8.82,8.82,4,4
"136","North Carolina",6.9,2012,6.90000009536743,7.75,7.75,4.75,4.75
"137","North Dakota",5.2,2012,8.69999980926514,3.84,3.99,5,5
"138","Ohio",0,2012,0,5.93,5.925,5.5,5.76000022888184
"139","Oklahoma",6,2012,6,4.99,5.25,4.5,4.5
"140","Oregon",7.6,2012,7.59999990463257,9.01,9.9,0,0
"141","Pennsylvania",9.99,2012,9.98999977111816,3.07,3.07,6,6
"142","Rhode Island",9,2012,9,5.99,5.99,7,7
"143","South Carolina",5,2012,5,7,7,6,6
"144","South Dakota",0,2012,0,0,0,4,4
"145","Tennessee",6.5,2012,6.5,0,0,7,7.03000020980835
"146","Texas",0,2012,0,0,0,6.25,7.25
"147","Utah",5,2012,5,5,5,5.95,5.94999980926514
"148","Vermont",8.5,2012,8.5,8.21,8.95,6,6
"149","Virginia",6,2012,6,5.65,5.75,5,5
"150","Washington",0,2012,0,0,0,6.5,8
"151","West Virginia",7.75,2012,7.75,6.5,6.5,6,6.26999998092651
"152","Wisconsin",7.9,2012,7.90000009536743,7.75,7.75,5,5
"153","Wyoming",0,2012,0,0,0,4,4
"154","Alabama",6.5,2013,6.5,5,5,4,4
"155","Alaska",9.4,2013,9.39999961853027,0,0,0,0
"156","Arizona",6.968,2013,6.96799993515015,4.47,4.54,6.6,6.59999990463257
"157","Arkansas",6.5,2013,6.5,7.21,7,6,6
"158","California",8.84,2013,8.84000015258789,14.1,13.3,7.5,7.5
"159","Colorado",4.63,2013,4.63000011444092,4.77,4.63,2.9,2.90000009536743
"160","Connecticut",7.5,2013,9,6.7,6.7,6.35,6.34999990463257
"161","Delaware",8.7,2013,8.69999980926514,6.95,6.75,0,1.53600001335144
"162","District of Columbia",9.975,2013,9.97500038146973,9.04,8.95,6,6
"163","Florida",5.5,2013,5.5,0,0,6,6
"164","Georgia",6,2013,6,6.18,6,4,4
"165","Hawaii",6.4,2013,6.40000009536743,11,11,4,4
"166","Idaho",7.4,2013,7.40000009536743,7.48,7.4,6,6
"167","Illinois",9.5,2013,9.5,5,5,6.25,6.25
"168","Indiana",8,2013,8,3.4,3.4,7,7
"169","Iowa",12,2013,12,8.98,8.98,6,6
"170","Kansas",4,2013,7,5,4.9,6.3,6.30000019073486
"171","Kentucky",6,2013,6,6.18,6,6,6.09499979019165
"172","Louisiana",8,2013,8,6,6,4,4
"173","Maine",8.93,2013,8.93000030517578,7.95,7.95,5,5
"174","Maryland",8.25,2013,8.25,5.83,5.75,6,6
"175","Massachusetts",8,2013,8,5.25,5.25,6.25,6.25
"176","Michigan",6,2013,6,4.25,4.25,6,6
"177","Minnesota",9.8,2013,9.80000019073486,10.44,9.85,6.875,6.875
"178","Mississippi",5,2013,5,5.07,5,7,7
"179","Missouri",6.25,2013,6.25,6.08,6,4.225,4.22499990463257
"180","Montana",6.75,2013,7,7.11,6.9,0,0
"181","Nebraska",7.81,2013,7.80999994277954,8.35,6.84,5.5,5.5
"182","Nevada",0,2013,0,0,0,6.85,6.84999990463257
"183","New Hampshire",8.5,2013,8.5,0,0,0,0.75
"184","New Jersey",9,2013,9,8.97,8.97,7,7
"185","New Mexico",7.6,2013,7.59999990463257,5.05,4.9,5.125,5.125
"186","New York",7.1,2013,7.09999990463257,8.82,8.82,4,4
"187","North Carolina",6.9,2013,6.90000009536743,7.98,7.75,4.75,4.75
"188","North Dakota",5.15,2013,8.64999961853027,3.21,3.99,5,5
"189","Ohio",0,2013,0,5.42,5.925,5.5,5.76000022888184
"190","Oklahoma",6,2013,6,5.14,5.25,4.5,4.5
"191","Oregon",7.6,2013,7.59999990463257,9.28,9.9,0,0
"192","Pennsylvania",9.99,2013,9.98999977111816,3.07,3.07,6,6
"193","Rhode Island",9,2013,9,5.99,5.99,7,7
"194","South Carolina",5,2013,5,7.08,7,6,6
"195","South Dakota",0,2013,0,0,0,4,4
"196","Tennessee",6.5,2013,6.5,0,0,7,7.03000020980835
"197","Texas",0,2013,0,0,0,6.25,7.25
"198","Utah",5,2013,5,5,5,5.95,5.94999980926514
"199","Vermont",8.5,2013,8.5,8.46,8.95,6,6
"200","Virginia",6,2013,6,5.83,5.75,5,5
"201","Washington",0,2013,0,0,0,6.5,8
"202","West Virginia",7,2013,7,6.5,6.5,6,6.19999980926514
"203","Wisconsin",7.9,2013,7.90000009536743,7.65,7.75,5,5
"204","Wyoming",0,2013,0,0,0,4,4
"205","Alabama",6.5,2014,6.5,5,5,4,4
"206","Alaska",9.4,2014,9.39999961853027,0,0,0,0
"207","Arizona",6.5,2014,6.5,4.47,4.54,5.6,5.59999990463257
"208","Arkansas",6.5,2014,6.5,7.21,7,6.5,6.5
"209","California",8.84,2014,8.84000015258789,14.1,13.3,7.5,7.5
"210","Colorado",4.63,2014,4.63000011444092,4.77,4.63,2.9,2.90000009536743
"211","Connecticut",7.5,2014,9,6.7,6.7,6.35,6.34999990463257
"212","Delaware",8.7,2014,8.69999980926514,6.8,6.6,0,1.99140000343323
"213","District of Columbia",9.975,2014,9.97500038146973,9.04,8.95,5.75,5.75
"214","Florida",5.5,2014,5.5,0,0,6,6
"215","Georgia",6,2014,6,6.18,6,4,4
"216","Hawaii",6.4,2014,6.40000009536743,11,11,4,4
"217","Idaho",7.4,2014,7.40000009536743,7.48,7.4,6,6
"218","Illinois",9.5,2014,9.5,5,5,6.25,6.25
"219","Indiana",8,2014,8,3.4,3.4,7,7
"220","Iowa",12,2014,12,8.98,8.98,6,6
"221","Kansas",4,2014,7,4.89,4.8,6.15,6.15000009536743
"222","Kentucky",6,2014,6,6.18,6,6,6.09499979019165
"223","Louisiana",8,2014,8,6,6,4,4
"224","Maine",8.93,2014,8.93000030517578,7.95,7.95,5.5,5.5
"225","Maryland",8.25,2014,8.25,5.83,5.75,6,6
"226","Massachusetts",8,2014,8,5.2,5.2,6.25,6.25
"227","Michigan",6,2014,6,4.25,4.25,6,6
"228","Minnesota",9.8,2014,9.80000019073486,10.15,9.85,6.875,6.875
"229","Mississippi",5,2014,5,5.07,5,7,7
"230","Missouri",6.25,2014,6.25,6.08,6,4.225,4.22499990463257
"231","Montana",6.75,2014,7,7.11,6.9,0,0
"232","Nebraska",7.81,2014,7.80999994277954,7.02,6.84,5.5,5.5
"233","Nevada",0,2014,0,0,0,6.85,6.84999990463257
"234","New Hampshire",8.5,2014,8.5,0,0,0,0.75
"235","New Jersey",9,2014,9,8.97,8.97,7,7
"236","New Mexico",7.3,2014,7.30000019073486,5.05,4.9,5.125,5.125
"237","New York",7.1,2014,7.09999990463257,8.82,8.82,4,4
"238","North Carolina",6,2014,6,5.8,5.8,4.75,4.75
"239","North Dakota",4.53,2014,8.02999973297119,3.21,3.22,5,5
"240","Ohio",0,2014,0,5.33,5.392,5.75,6.01000022888184
"241","Oklahoma",6,2014,6,5.14,5.25,4.5,4.5
"242","Oregon",7.6,2014,7.59999990463257,9.99,9.9,0,0
"243","Pennsylvania",9.99,2014,9.98999977111816,3.07,3.07,6,6
"244","Rhode Island",9,2014,9,5.99,5.99,7,7
"245","South Carolina",5,2014,5,7.08,7,6,6
"246","South Dakota",0,2014,0,0,0,4,4
"247","Tennessee",6.5,2014,6.5,0,0,7,7.03000020980835
"248","Texas",0,2014,0,0,0,6.25,7.25
"249","Utah",5,2014,5,5,5,5.95,5.94999980926514
"250","Vermont",8.5,2014,8.5,8.46,8.95,6,6
"251","Virginia",6,2014,6,5.83,5.75,5.3,5.30000019073486
"252","Washington",0,2014,0,0,0,6.5,8
"253","West Virginia",6.5,2014,6.5,6.5,6.5,6,6.09999990463257
"254","Wisconsin",7.9,2014,7.90000009536743,7.65,7.65,5,5
"255","Wyoming",0,2014,0,0,0,4,4
"256","Alabama",6.5,2015,6.5,5,5,4,4
"257","Alaska",9.4,2015,9.39999961853027,0,0,0,0
"258","Arizona",6,2015,6,4.47,4.54,5.6,5.59999990463257
"259","Arkansas",6.5,2015,6.5,7.21,7,6.5,6.5
"260","California",8.84,2015,8.84000015258789,14.1,13.3,7.5,7.5
"261","Colorado",4.63,2015,4.63000011444092,4.77,4.63,2.9,2.90000009536743
"262","Connecticut",7.5,2015,9,6.99,6.7,6.35,6.34999990463257
"263","Delaware",8.7,2015,8.69999980926514,6.8,6.6,0,1.99140000343323
"264","District of Columbia",9.4,2015,9.39999961853027,9.04,8.95,5.75,5.75
"265","Florida",5.5,2015,5.5,0,0,6,6
"266","Georgia",6,2015,6,6.18,6,4,4
"267","Hawaii",6.4,2015,6.40000009536743,11,11,4,4
"268","Idaho",7.4,2015,7.40000009536743,7.49,7.4,6,6
"269","Illinois",7.75,2015,7.75,3.75,3.75,6.25,6.25
"270","Indiana",7,2015,7,3.3,3.3,7,7
"271","Iowa",12,2015,12,8.98,8.98,6,6
"272","Kansas",4,2015,7,4.67,4.6,6.15,6.15000009536743
"273","Kentucky",6,2015,6,6.18,6,6,6.09499979019165
"274","Louisiana",8,2015,8,6,6,4,4
"275","Maine",8.93,2015,8.93000030517578,7.95,7.95,5.5,5.5
"276","Maryland",8.25,2015,8.25,5.83,5.75,6,6
"277","Massachusetts",8,2015,8,5.15,5.15,6.25,6.25
"278","Michigan",6,2015,6,4.25,4.25,6,6
"279","Minnesota",9.8,2015,9.80000019073486,10.15,9.85,6.875,6.875
"280","Mississippi",5,2015,5,5.07,5,7,7
"281","Missouri",6.25,2015,6.25,6.08,6,4.225,4.22499990463257
"282","Montana",6.75,2015,7,7.11,6.9,0,0
"283","Nebraska",7.81,2015,7.80999994277954,7.02,6.84,5.5,5.5
"284","Nevada",0,2015,0,0,0,6.85,6.84999990463257
"285","New Hampshire",8.5,2015,8.5,0,0,0,0.75
"286","New Jersey",9,2015,9,8.97,8.97,7,7
"287","New Mexico",6.9,2015,6.90000009536743,5.05,4.9,5.125,5.125
"288","New York",7.1,2015,7.09999990463257,8.82,8.82,4,4
"289","North Carolina",5,2015,5,5.75,5.75,4.75,4.75
"290","North Dakota",4.53,2015,8.02999973297119,2.9,3.22,5,5
"291","Ohio",0,2015,0,5,5.333,5.75,6.01000022888184
"292","Oklahoma",6,2015,6,5.14,5.25,4.5,4.5
"293","Oregon",7.6,2015,7.59999990463257,9.99,9.9,0,0
"294","Pennsylvania",9.99,2015,9.98999977111816,3.07,3.07,6,6
"295","Rhode Island",7,2015,7,5.99,5.99,7,7
"296","South Carolina",5,2015,5,7.08,7,6,6
"297","South Dakota",0,2015,0,0,0,4,4
"298","Tennessee",6.5,2015,6.5,0,0,7,7.03000020980835
"299","Texas",0,2015,0,0,0,6.25,7.25
"300","Utah",5,2015,5,5,5,5.95,5.94999980926514
"301","Vermont",8.5,2015,8.5,8.95,8.95,6,6
"302","Virginia",6,2015,6,5.83,5.75,5.3,5.30000019073486
"303","Washington",0,2015,0,0,0,6.5,8
"304","West Virginia",6.5,2015,6.5,6.5,6.5,6,6
"305","Wisconsin",7.9,2015,7.90000009536743,7.65,7.65,5,5
"306","Wyoming",0,2015,0,0,0,4,4
"307","Alabama",6.5,2016,6.5,5,5,4,4
"308","Alaska",9.4,2016,9.39999961853027,0,0,0,0
"309","Arizona",5.5,2016,5.5,4.47,4.54,5.6,5.59999990463257
"310","Arkansas",6.5,2016,6.5,7.11,6.9,6.5,6.5
"311","California",8.84,2016,8.84000015258789,14.1,13.3,7.5,7.5
"312","Colorado",4.63,2016,4.63000011444092,4.77,4.63,2.9,2.90000009536743
"313","Connecticut",7.5,2016,9,6.99,6.99,6.35,6.34999990463257
"314","Delaware",8.7,2016,8.69999980926514,6.8,6.6,0,1.99140000343323
"315","District of Columbia",9.4,2016,9.39999961853027,8.84,8.95,5.75,5.75
"316","Florida",5.5,2016,5.5,0,0,6,6
"317","Georgia",6,2016,6,6.18,6,4,4
"318","Hawaii",6.4,2016,6.40000009536743,8.5,8.25,4,4
"319","Idaho",7.4,2016,7.40000009536743,7.49,7.4,6,6
"320","Illinois",7.75,2016,7.75,3.75,3.75,6.25,6.25
"321","Indiana",6.5,2016,6.5,3.3,3.3,7,7
"322","Iowa",12,2016,12,8.98,8.98,6,6
"323","Kansas",7,2016,10,4.67,4.6,6.5,6.5
"324","Kentucky",6,2016,6,6.18,6,6,6.09499979019165
"325","Louisiana",8,2016,8,6,6,4,4
"326","Maine",8.93,2016,8.93000030517578,7.15,7.15,5.5,5.5
"327","Maryland",8.25,2016,8.25,5.83,5.75,6,6
"328","Massachusetts",8,2016,8,5.1,5.1,6.25,6.25
"329","Michigan",6,2016,6,4.25,4.25,6,6
"330","Minnesota",9.8,2016,9.80000019073486,10.15,9.85,6.875,6.875
"331","Mississippi",5,2016,5,5.07,5,7,7
"332","Missouri",6.25,2016,6.25,6.08,6,4.225,4.22499990463257
"333","Montana",6.75,2016,7,7.11,6.9,0,0
"334","Nebraska",7.81,2016,7.80999994277954,7.71,6.84,5.5,5.5
"335","Nevada",0,2016,0,0,0,6.85,7.18100023269653
"336","New Hampshire",8.5,2016,8.5,0,0,0,0.75
"337","New Jersey",9,2016,9,8.97,8.97,7,7
"338","New Mexico",6.6,2016,6.59999990463257,5.05,4.9,5.125,5.125
"339","New York",6.5,2016,6.5,8.82,8.82,4,4
"340","North Carolina",4,2016,4,5.75,5.75,4.75,4.75
"341","North Dakota",4.31,2016,7.80999994277954,2.9,2.9,5,5
"342","Ohio",0,2016,0,5,4.997,5.75,6.01000022888184
"343","Oklahoma",6,2016,6,5.07,5,4.5,4.5
"344","Oregon",7.6,2016,7.59999990463257,9.99,9.9,0,0
"345","Pennsylvania",9.99,2016,9.98999977111816,3.07,3.07,6,6
"346","Rhode Island",7,2016,7,5.99,5.99,7,7
"347","South Carolina",5,2016,5,7.08,7,6,6
"348","South Dakota",0,2016,0,0,0,4,4
"349","Tennessee",6.5,2016,6.5,0,0,7,7.03000020980835
"350","Texas",0,2016,0,0,0,6.25,7
"351","Utah",5,2016,5,5,5,5.95,5.94999980926514
"352","Vermont",8.5,2016,8.5,8.95,8.95,6,6
"353","Virginia",6,2016,6,5.83,5.75,5.3,5.30000019073486
"354","Washington",0,2016,0,0,0,6.5,8
"355","West Virginia",6.5,2016,6.5,6.5,6.5,6,6
"356","Wisconsin",7.9,2016,7.90000009536743,7.65,7.65,5,5
"357","Wyoming",0,2016,0,0,0,4,4
"358","Alabama",6.5,2017,6.5,5,5,4,4
"359","Alaska",9.4,2017,9.39999961853027,0,0,0,0
"360","Arizona",4.9,2017,4.90000009536743,4.47,4.54,5.6,5.59999990463257
"361","Arkansas",6.5,2017,6.5,7.11,6.9,6.5,6.5
"362","California",8.84,2017,8.84000015258789,14.1,13.3,7.25,7.25
"363","Colorado",4.63,2017,4.63000011444092,4.77,4.63,2.9,2.90000009536743
"364","Connecticut",7.5,2017,9,6.99,6.99,6.35,6.34999990463257
"365","Delaware",8.7,2017,8.69999980926514,6.8,6.6,0,1.99140000343323
"366","District of Columbia",9,2017,9,8.84,8.95,5.75,5.75
"367","Florida",5.5,2017,5.5,0,0,6,6
"368","Georgia",6,2017,6,6.18,6,4,4
"369","Hawaii",6.4,2017,6.40000009536743,8.25,8.25,4,4
"370","Idaho",7.4,2017,7.40000009536743,7.49,7.4,6,6
"371","Illinois",7.75,2017,7.75,4.35,4.95,6.25,6.25
"372","Indiana",6.25,2017,6.25,3.23,3.23,7,7
"373","Iowa",12,2017,12,8.98,8.98,6,6
"374","Kansas",7,2017,10,5.28,5.2,6.5,6.5
"375","Kentucky",6,2017,6,6.18,6,6,6.09499979019165
"376","Louisiana",8,2017,8,6,6,5,5
"377","Maine",8.93,2017,8.93000030517578,7.15,7.15,5.5,5.5
"378","Maryland",8.25,2017,8.25,5.83,5.75,6,6
"379","Massachusetts",8,2017,8,5.1,5.1,6.25,6.25
"380","Michigan",6,2017,6,4.25,4.25,6,6
"381","Minnesota",9.8,2017,9.80000019073486,10.15,9.85,6.875,6.875
"382","Mississippi",5,2017,5,5.07,5,7,7
"383","Missouri",6.25,2017,6.25,6.08,6,4.225,4.22499990463257
"384","Montana",6.75,2017,7,7.11,6.9,0,0
"385","Nebraska",7.81,2017,7.80999994277954,7.71,6.84,5.5,5.5
"386","Nevada",0,2017,0,0,0,6.85,7.18100023269653
"387","New Hampshire",8.2,2017,8.19999980926514,0,0,0,0.720000028610229
"388","New Jersey",9,2017,9,8.97,8.97,6.875,6.875
"389","New Mexico",6.2,2017,6.19999980926514,5.05,4.9,5.125,5.125
"390","New York",6.5,2017,6.5,8.82,8.82,4,4
"391","North Carolina",3,2017,3,5.5,5.499,4.75,4.75
"392","North Dakota",4.31,2017,7.80999994277954,2.9,2.9,5,5
"393","Ohio",0,2017,0,5,4.997,5.75,6.01000022888184
"394","Oklahoma",6,2017,6,5.07,5,4.5,4.5
"395","Oregon",7.6,2017,7.59999990463257,9.99,9.9,0,0
"396","Pennsylvania",9.99,2017,9.98999977111816,3.07,3.07,6,6
"397","Rhode Island",7,2017,7,5.99,5.99,7,7
"398","South Carolina",5,2017,5,7.08,7,6,6
"399","South Dakota",0,2017,0,0,0,4.5,4.5
"400","Tennessee",6.5,2017,6.5,0,0,7,7.03000020980835
"401","Texas",0,2017,0,0,0,6.25,7
"402","Utah",5,2017,5,5,5,5.95,5.94999980926514
"403","Vermont",8.5,2017,8.5,8.95,8.95,6,6
"404","Virginia",6,2017,6,5.83,5.75,5.3,5.30000019073486
"405","Washington",0,2017,0,0,0,6.5,8
"406","West Virginia",6.5,2017,6.5,6.5,6.5,6,6
"407","Wisconsin",7.9,2017,7.90000009536743,7.65,7.65,5,5
"408","Wyoming",0,2017,0,0,0,4,4
"409","Alabama",6.5,2018,6.5,5,5,4,4
"410","Alaska",9.4,2018,9.39999961853027,0,0,0,0
"411","Arizona",4.9,2018,4.90000009536743,4.54,4.54,5.6,5.59999990463257
"412","Arkansas",6.5,2018,6.5,6.9,6.9,6.5,6.5
"413","California",8.84,2018,8.84000015258789,13.3,13.3,7.25,7.25
"414","Colorado",4.63,2018,4.63000011444092,4.63,4.63,2.9,2.90000009536743
"415","Connecticut",7.5,2018,9,6.99,6.99,6.35,6.34999990463257
"416","Delaware",8.7,2018,8.69999980926514,6.6,6.6,0,1.99140000343323
"417","District of Columbia",8.25,2018,8.25,8.75,8.95,5.75,5.75
"418","Florida",5.5,2018,5.5,0,0,6,6
"419","Georgia",6,2018,6,6,6,4,4
"420","Hawaii",6.4,2018,6.40000009536743,11,11,4,4
"421","Idaho",7.4,2018,7.40000009536743,6.92,7.4,6,6
"422","Illinois",9.5,2018,9.5,4.95,4.95,6.25,6.25
"423","Indiana",6,2018,6,3.23,3.23,7,7
"424","Iowa",12,2018,12,8.98,8.98,6,6
"425","Kansas",7,2018,10,5.7,5.7,6.5,6.5
"426","Kentucky",6,2018,6,5,5,6,6.09499979019165
"427","Louisiana",8,2018,8,6,6,5,5
"428","Maine",8.93,2018,8.93000030517578,7.15,7.15,5.5,5.5
"429","Maryland",8.25,2018,8.25,5.75,5.75,6,6
"430","Massachusetts",8,2018,8,5.1,5.1,6.25,6.25
"431","Michigan",6,2018,6,4.25,4.25,6,6
"432","Minnesota",9.8,2018,9.80000019073486,9.85,9.85,6.875,6.875
"433","Mississippi",5,2018,5,5,5,7,7
"434","Missouri",6.25,2018,6.25,5.9,5.9,4.225,4.22499990463257
"435","Montana",6.75,2018,7,6.9,6.9,0,0
"436","Nebraska",7.81,2018,7.80999994277954,6.84,6.84,5.5,5.5
"437","Nevada",0,2018,0,0,0,6.85,7.18100023269653
"438","New Hampshire",8.2,2018,8.19999980926514,0,0,0,0.720000028610229
"439","New Jersey",9,2018,11.5,8.97,8.97,6.625,6.625
"440","New Mexico",5.9,2018,5.90000009536743,4.9,4.9,5.125,5.125
"441","New York",6.5,2018,6.5,8.82,8.82,4,4
"442","North Carolina",3,2018,3,5.5,5.499,4.75,4.75
"443","North Dakota",4.31,2018,7.80999994277954,2.9,2.9,5,5
"444","Ohio",0,2018,0,5,4.997,5.75,6.01000022888184
"445","Oklahoma",6,2018,6,5,5,4.5,4.5
"446","Oregon",7.6,2018,7.59999990463257,9.9,9.9,0,0
"447","Pennsylvania",9.99,2018,9.98999977111816,3.07,3.07,6,6
"448","Rhode Island",7,2018,7,5.99,5.99,7,7
"449","South Carolina",5,2018,5,7,7,6,6
"450","South Dakota",0,2018,0,0,0,4.5,4.5
"451","Tennessee",6.5,2018,6.5,0,0,7,7.03000020980835
"452","Texas",0,2018,0,0,0,6.25,7
"453","Utah",5,2018,5,4.95,5,5.95,5.94999980926514
"454","Vermont",8.5,2018,8.5,8.75,8.95,6,6
"455","Virginia",6,2018,6,5.75,5.75,5.3,5.30000019073486
"456","Washington",0,2018,0,0,0,6.5,8
"457","West Virginia",6.5,2018,6.5,6.5,6.5,6,6
"458","Wisconsin",7.9,2018,7.90000009536743,7.65,7.65,5,5
"459","Wyoming",0,2018,0,0,0,4,4
"460","Alabama",6.5,2019,6.5,5,5,4,4
"461","Alaska",9.4,2019,9.39999961853027,0,0,0,0
"462","Arizona",4.9,2019,4.90000009536743,4.5,4.5,5.6,5.59999990463257
"463","Arkansas",6.5,2019,6.5,6.9,6.9,6.5,6.5
"464","California",8.84,2019,8.84000015258789,13.3,13.3,7.25,7.25
"465","Colorado",4.63,2019,4.63000011444092,4.63,4.63,2.9,2.90000009536743
"466","Connecticut",7.5,2019,8.25,6.99,6.99,6.35,6.34999990463257
"467","Delaware",8.7,2019,8.69999980926514,6.6,6.6,0,1.99140000343323
"468","District of Columbia",8.25,2019,8.25,8.95,8.95,6,6
"469","Florida",5.5,2019,5.5,0,0,6,6
"470","Georgia",5.75,2019,5.75,5.75,5.75,4,4
"471","Hawaii",6.4,2019,6.40000009536743,11,11,4,4
"472","Idaho",6.925,2019,6.92500019073486,6.925,6.925,6,6
"473","Illinois",9.5,2019,9.5,4.95,4.95,6.25,6.25
"474","Indiana",5.75,2019,5.75,3.23,3.23,7,7
"475","Iowa",12,2019,12,8.53,8.53,6,6
"476","Kansas",4,2019,7,5.7,5.7,6.5,6.5
"477","Kentucky",5,2019,5,5,5,6,6.09499979019165
"478","Louisiana",8,2019,8,6,6,4.45,4.44999980926514
"479","Maine",8.93,2019,8.93000030517578,7.15,7.15,5.5,5.5
"480","Maryland",8.25,2019,8.25,5.75,5.75,6,6
"481","Massachusetts",8,2019,8,5.05,5.05,6.25,6.25
"482","Michigan",6,2019,6,4.25,4.25,6,6
"483","Minnesota",9.8,2019,9.80000019073486,9.85,9.85,6.88,6.88000011444092
"484","Mississippi",5,2019,5,5,5,7,7
"485","Missouri",6.25,2019,6.25,5.4,5.4,4.23,4.23000001907349
"486","Montana",6.75,2019,7,6.9,6.9,0,0
"487","Nebraska",7.81,2019,7.80999994277954,6.84,6.84,5.5,5.5
"488","Nevada",0,2019,0,0,0,6.85,7.18100023269653
"489","New Hampshire",7.7,2019,7.69999980926514,0,0,0,0.675000011920929
"490","New Jersey",9,2019,11.5,10.75,10.75,6.63,6.63000011444092
"491","New Mexico",5.9,2019,5.90000009536743,4.9,4.9,5.13,5.13000011444092
"492","New York",6.5,2019,6.5,8.82,8.82,4,4
"493","North Carolina",2.5,2019,2.5,5.25,5.25,4.75,4.75
"494","North Dakota",4.31,2019,7.80999994277954,2.9,2.9,5,5
"495","Ohio",0,2019,0,4.797,4.797,5.75,6.01000022888184
"496","Oklahoma",6,2019,6,5,5,4.5,4.5
"497","Oregon",7.6,2019,7.59999990463257,9.9,9.9,0,0
"498","Pennsylvania",9.99,2019,9.98999977111816,3.07,3.07,6,6
"499","Rhode Island",7,2019,7,5.99,5.99,7,7
"500","South Carolina",5,2019,5,7,7,6,6
"501","South Dakota",0,2019,0,0,0,4.5,4.5
"502","Tennessee",6.5,2019,6.5,0,0,7,7.03000020980835
"503","Texas",0,2019,0,0,0,6.25,7
"504","Utah",4.95,2019,4.94999980926514,4.95,4.95,5.95,5.94999980926514
"505","Vermont",8.5,2019,8.5,8.75,8.75,6,6
"506","Virginia",6,2019,6,5.75,5.75,5.3,5.30000019073486
"507","Washington",0,2019,0,0,0,6.5,9
"508","West Virginia",6.5,2019,6.5,6.5,6.5,NA,NA
"509","Wisconsin",7.9,2019,7.90000009536743,7.65,7.65,5,5
"510","Wyoming",0,2019,0,0,0,4,4
"511","Alabama",6.5,2020,6.5,5,5,4,4
"512","Alaska",9.4,2020,9.39999961853027,0,0,0,0
"513","Arizona",4.9,2020,4.90000009536743,4.5,4.5,5.6,5.59999990463257
"514","Arkansas",6.5,2020,6.5,6.6,6.6,6.5,6.5
"515","California",8.84,2020,8.84000015258789,13.3,13.3,7.25,7.25
"516","Colorado",4.63,2020,4.63000011444092,4.63,4.63,2.9,2.90000009536743
"517","Connecticut",7.5,2020,8.25,6.99,6.99,6.35,6.34999990463257
"518","Delaware",8.7,2020,8.69999980926514,6.6,6.6,0,0.746800005435944
"519","District of Columbia",8.25,2020,8.25,8.95,8.95,6,6
"520","Florida",4.458,2020,4.45800018310547,0,0,6,6
"521","Georgia",5.75,2020,5.75,5.75,5.75,4,4
"522","Hawaii",6.4,2020,6.40000009536743,11,11,4,4
"523","Idaho",6.925,2020,6.92500019073486,6.925,6.925,6,6
"524","Illinois",9.5,2020,9.5,4.95,4.95,6.25,6.25
"525","Indiana",5.75,2020,5.75,3.23,3.23,7,7
"526","Iowa",12,2020,12,8.53,8.53,6,6
"527","Kansas",4,2020,7,5.7,5.7,6.5,6.5
"528","Kentucky",5,2020,5,5,5,6,6.09499979019165
"529","Louisiana",8,2020,8,6,6,4.45,4.44999980926514
"530","Maine",8.93,2020,8.93000030517578,7.15,7.15,5.5,5.5
"531","Maryland",8.25,2020,8.25,5.75,5.75,6,6
"532","Massachusetts",8,2020,8,5,5,6.25,6.25
"533","Michigan",6,2020,6,4.25,4.25,6,6
"534","Minnesota",9.8,2020,9.80000019073486,9.85,9.85,6.875,6.875
"535","Mississippi",5,2020,5,5,5,7,7
"536","Missouri",4,2020,4,5.4,5.4,4.225,4.22499990463257
"537","Montana",6.75,2020,7,6.9,6.9,0,0
"538","Nebraska",7.81,2020,7.80999994277954,6.84,6.84,5.5,5.5
"539","Nevada",0,2020,0,0,0,6.85,7.18100023269653
"540","New Hampshire",7.7,2020,7.69999980926514,0,0,0,0.600000023841858
"541","New Jersey",9,2020,10.5,10.75,10.75,6.625,6.625
"542","New Mexico",5.9,2020,5.90000009536743,4.9,4.9,5.125,5.125
"543","New York",6.5,2020,6.5,8.82,8.82,4,4
"544","North Carolina",2.5,2020,2.5,5.25,5.25,4.75,4.75
"545","North Dakota",4.31,2020,7.80999994277954,2.9,2.9,5,5
"546","Ohio",0,2020,0,4.797,4.797,5.75,6.01000022888184
"547","Oklahoma",6,2020,6,5,5,4.5,4.5
"548","Oregon",7.6,2020,7.59999990463257,9.9,9.9,0,0.569999992847443
"549","Pennsylvania",9.99,2020,9.98999977111816,3.07,3.07,6,6
"550","Rhode Island",7,2020,7,5.99,5.99,7,7
"551","South Carolina",5,2020,5,7,7,6,6
"552","South Dakota",0,2020,0,0,0,4.5,4.5
"553","Tennessee",6.5,2020,6.5,0,0,7,7.03000020980835
"554","Texas",0,2020,0,0,0,6.25,7
"555","Utah",4.95,2020,4.94999980926514,4.95,4.95,6.1,6.09999990463257
"556","Vermont",8.5,2020,8.5,8.75,8.75,6,6
"557","Virginia",6,2020,6,5.75,5.75,NA,NA
"558","Washington",0,2020,0,0,0,6.5,9.22000026702881
"559","West Virginia",6.5,2020,6.5,6.5,6.5,6,6
"560","Wisconsin",7.9,2020,7.90000009536743,7.65,7.65,5,5
"561","Wyoming",0,2020,0,0,0,4,4
